{"cameraMode":{"drawMode":0,"name":"Shaded","section":"Shading Mode"},"sceneLighting":true,"audioPlay":false,"sceneViewState":{"showFog":true,"showMaterialUpdate":false,"showSkybox":true,"showFlares":true,"showImageEffects":true,"showParticleSystems":true},"in2DMode":false,"pivot":{"x":-0.03851008415222168,"y":-0.15600000321865083,"z":0.573390007019043},"rotation":{"x":0.1331731081008911,"y":-0.20361453294754029,"z":0.027964888140559198,"w":0.9695541858673096},"size":3.304575204849243,"orthographic":true}