{"cameraMode":{"drawMode":0,"name":"Shaded","section":"Shading Mode"},"sceneLighting":false,"audioPlay":false,"sceneViewState":{"showFog":true,"showMaterialUpdate":false,"showSkybox":false,"showFlares":true,"showImageEffects":true,"showParticleSystems":true},"in2DMode":false,"pivot":{"x":0.0,"y":-0.06903393566608429,"z":0.17765355110168458},"rotation":{"x":0.20086434483528138,"y":0.7987099289894104,"z":-0.4155142903327942,"w":0.38611361384391787},"size":0.16333886981010438,"orthographic":false}